{
  "mercury": {
    "semiMajorAxis": 0.38709927,
    "eccentricity": 0.20563593,
    "inclination": 7.00497902,
    "meanLongitude": 252.2503235,
    "longitudeOfPerihelion": 77.45779628,
    "longitudeOfAscendingNode": 48.33076593,
    "semiMajorAxisVariation": 0.00000037,
    "eccentricityVariation": 0.00001906,
    "inclinationVariation": -0.00594749,
    "meanLongitudeVariation": 149472.67411175,
    "longitudeOfPerihelionVariation": 0.16047689,
    "longitudeOfAscendingNodeVariation": -0.12534081
  },
  "venus": {
    "semiMajorAxis": 0.72333566,
    "eccentricity": 0.00677672,
    "inclination": 3.39467605,
    "meanLongitude": 181.9790995,
    "longitudeOfPerihelion": 131.60246718,
    "longitudeOfAscendingNode": 76.67984255,
    "semiMajorAxisVariation": 0.0000039,
    "eccentricityVariation": -0.00004107,
    "inclinationVariation": -0.0007889,
    "meanLongitudeVariation": 58517.81538729,
    "longitudeOfPerihelionVariation": 0.00268329,
    "longitudeOfAscendingNodeVariation": -0.27769418
  },
  "earth": {
    "semiMajorAxis": 1.00000261,
    "eccentricity": 0.01671123,
    "inclination": -0.00001531,
    "meanLongitude": 100.46457166,
    "longitudeOfPerihelion": 102.93768193,
    "longitudeOfAscendingNode": 0.0,
    "semiMajorAxisVariation": 0.00000562,
    "eccentricityVariation": -0.00004392,
    "inclinationVariation": -0.01294668,
    "meanLongitudeVariation": 35999.37244981,
    "longitudeOfPerihelionVariation": 0.32327364,
    "longitudeOfAscendingNodeVariation": 0.0
  },
  "mars": {
    "semiMajorAxis": 1.52371034,
    "eccentricity": 0.0933941,
    "inclination": 1.84969142,
    "meanLongitude": -4.55343205,
    "longitudeOfPerihelion": -23.94362959,
    "longitudeOfAscendingNode": 49.55953891,
    "semiMajorAxisVariation": 0.00001847,
    "eccentricityVariation": -0.00007882,
    "inclinationVariation": -0.00813131,
    "meanLongitudeVariation": 19140.30268499,
    "longitudeOfPerihelionVariation": 0.44441088,
    "longitudeOfAscendingNodeVariation": -0.29257343
  },
  "jupiter": {
    "semiMajorAxis": 5.202887,
    "eccentricity": 0.04838624,
    "inclination": 1.30439695,
    "meanLongitude": 34.39644051,
    "longitudeOfPerihelion": 14.72847983,
    "longitudeOfAscendingNode": 100.47390909,
    "semiMajorAxisVariation": -0.00011607,
    "eccentricityVariation": -0.00013253,
    "inclinationVariation": -0.00183714,
    "meanLongitudeVariation": 3034.74612775,
    "longitudeOfPerihelionVariation": 0.21252668,
    "longitudeOfAscendingNodeVariation": 0.20469106
  },
  "saturn": {
    "semiMajorAxis": 9.53667594,
    "eccentricity": 0.05386179,
    "inclination": 2.48599187,
    "meanLongitude": 49.95424423,
    "longitudeOfPerihelion": 92.59887831,
    "longitudeOfAscendingNode": 113.66242448,
    "semiMajorAxisVariation": -0.0012506,
    "eccentricityVariation": -0.00050991,
    "inclinationVariation": 0.00193609,
    "meanLongitudeVariation": 1222.49362201,
    "longitudeOfPerihelionVariation": -0.41897216,
    "longitudeOfAscendingNodeVariation": -0.28867794
  },
  "uranus": {
    "semiMajorAxis": 19.18916464,
    "eccentricity": 0.04725744,
    "inclination": 0.77263783,
    "meanLongitude": 313.23810451,
    "longitudeOfPerihelion": 170.9542763,
    "longitudeOfAscendingNode": 74.01692503,
    "semiMajorAxisVariation": -0.00196176,
    "eccentricityVariation": -0.00004397,
    "inclinationVariation": -0.00242939,
    "meanLongitudeVariation": 428.48202785,
    "longitudeOfPerihelionVariation": 0.40805281,
    "longitudeOfAscendingNodeVariation": 0.04240589
  },
  "neptune": {
    "semiMajorAxis": 30.06992276,
    "eccentricity": 0.00859048,
    "inclination": 1.77004347,
    "meanLongitude": -55.12002969,
    "longitudeOfPerihelion": 44.96476227,
    "longitudeOfAscendingNode": 131.78422574,
    "semiMajorAxisVariation": 0.00026291,
    "eccentricityVariation": 0.00005105,
    "inclinationVariation": 0.00035372,
    "meanLongitudeVariation": 218.45945325,
    "longitudeOfPerihelionVariation": -0.32241464,
    "longitudeOfAscendingNodeVariation": -0.00508664
  },
  "pluto": {
    "semiMajorAxis": 39.48211675,
    "eccentricity": 0.2488273,
    "inclination": 17.14001206,
    "meanLongitude": 238.92903833,
    "longitudeOfPerihelion": 224.06891629,
    "longitudeOfAscendingNode": 110.30393684,
    "semiMajorAxisVariation": -0.00031596,
    "eccentricityVariation": 0.0000517,
    "inclinationVariation": 0.00004818,
    "meanLongitudeVariation": 145.20780515,
    "longitudeOfPerihelionVariation": -0.04062942,
    "longitudeOfAscendingNodeVariation": -0.01183482
  }
}
